title,url,ticker,published_at_utc,days_before,days_after,sentiment,affected_other_companies,chain_of_thought,context_analysis,reason
Uber: Nvidia Partnership Allays Any Fears Of The AV Threat (Rating Upgrade),https://finnhub.io/api/news?id=7337f668cc034c00410c137760d595e1d967ffdeb276789029ffe1d17f70b959,NVDA,2025-11-20T04:05:05Z,0,30,positiv,"['Uber', 'Intel', 'Qualcomm', 'Waymo', 'Cruise']","Das Hauptthema ist eine strategische Partnerschaft zwischen Nvidia (NVDA) und Uber, die Bedenken hinsichtlich der Bedrohung durch autonome Fahrzeuge (AV Threat) zerstreut und zu einer Heraufstufung von Nvidias Rating führt. Dies signalisiert eine positive Entwicklung für Nvidia im Bereich des autonomen Fahrens, da das Unternehmen als Lösungsanbieter und nicht als potenzieller Verlierer in diesem Segment positioniert wird. 

Für NVDA sind die **direkten Auswirkungen** wie folgt:
- **Kurzfristig (heute bis 3 Tage):** Die Stimmung ist stark positiv. Ein Rating-Upgrade und eine Partnerschaft mit einem Branchenriesen wie Uber dürften zu einem signifikanten positiven Kurssprung führen, da das Vertrauen der Anleger in Nvidias AV-Strategie gestärkt wird.
- **Mittelfristig (1 Woche bis 1 Monat):** Die Geschäftstrategie Nvidias als führender Anbieter von KI- und AV-Technologie wird bestätigt und gestärkt. Es besteht Potenzial für erhöhte Umsätze durch den Verkauf von Chips, Plattformen und Software an Uber oder dessen AV-Partner. Die Wettbewerbsposition gegenüber Rivalen wie Intel (Mobileye) und Qualcomm im AV-Bereich wird verbessert.
- **Langfristig (1–6 Monate):** Die Partnerschaft verbessert die langfristigen Wachstumsaussichten von Nvidia im zukunftsträchtigen und potenziell sehr lukrativen Markt für autonomes Fahren. Dies könnte weitere Investitionen in F&E anstoßen und Nvidias Technologieführerschaft in der KI- und AV-Branche weiter festigen.

**Indirekte Auswirkungen** betreffen andere Unternehmen:
- **Uber:** Die Partnerschaft festigt Ubers Strategie im autonomen Fahren, potenziell durch Zugang zu fortschrittlicher Nvidia-Technologie, was Effizienz und zukünftige Rentabilität in diesem Bereich verbessern könnte.
- **Wettbewerber von Nvidia (z.B. Intel/Mobileye, Qualcomm):** Sie könnten unter Druck geraten, ähnliche prominente Partnerschaften zu schließen oder ihre eigenen AV-Angebote zu beschleunigen und zu verbessern, um nicht ins Hintertreffen zu geraten.
- **Andere AV-Entwickler (z.B. Waymo, Cruise):** Diese könnten die Nachricht als Indikator für die zunehmende Konsolidierung von Technologiepartnern im AV-Bereich sehen und ihre eigenen Lieferantenbeziehungen überprüfen oder intensivieren.","{'event_type': 'Geschäftspartnerschaft und Analysten-Rating-Upgrade', 'historical_reaction': 'Partnerschaften führen oft zu positiver Stimmung und potenziellen Kursgewinnen durch Marktvalidierung oder Expansionschancen. Rating-Upgrades führen typischerweise zu kurzfristig positiven Kursreaktionen, die bei fundamentalen Gründen auch länger anhalten können.', 'sectors_affected': ['Halbleiter', 'Künstliche Intelligenz', 'Autonomes Fahren', 'Transport / Ridesharing'], 'other_affected_companies': ['Uber', 'Intel (Mobileye)', 'Qualcomm', 'Waymo (Alphabet)', 'Cruise (GM)']}","Die Partnerschaft mit Uber im AV-Bereich, gepaart mit einem Rating-Upgrade, ist eine starke Bestätigung für Nvidias strategische Ausrichtung und Technologieführerschaft. Dies stärkt Nvidias Marktposition und Wachstumsaussichten im Zukunftsmarkt des autonomen Fahrens."
